Op,theta0,L0,omega,phi,ell,Oeq,Ub,Ut,Ua,Utotal,exitflag
1,1.5707963267949,0.098174770424681,1.5707963367949,1.57069632679516,0.0624999999798928,1.00000000033811,5.76278943472911e-10,1.07192257858698e-10,1.63344318325595e-15,6.83472834774792e-10,2
1.01,1.58650429006285,0.0991565181289278,1.5707963367949,1.57069632679516,0.0631235772478492,1.00000000033811,0.00252147832123529,1.42476949265726e-10,5.69654070769294e-06,0.00252717500441993,2
1.02,1.60221225333079,0.100138265833175,1.5707963367949,1.57069632679516,0.0637471824014759,1.00000000033811,0.00998790958489748,1.6645995564293e-10,2.21227194472208e-05,0.0100100324708047,2
1.03,1.61792021659874,0.101120013537421,1.5707963367949,1.57069632679516,0.064370814300622,1.00000000033811,0.0222565085105564,1.98531529398152e-10,4.83483248359521e-05,0.0223048570339239,2
1.04,1.63362817986669,0.102101761241668,1.5707963367949,1.57069632679516,0.0649944722868649,1.00000000033811,0.0391899140763695,2.33251762435873e-10,8.35105428304177e-05,0.0392734248524517,2
1.05,1.64933614313464,0.103083508945915,1.5707963367949,1.57069632679516,0.0656181555979087,1.00000000033811,0.0606559310405719,2.60996220593007e-10,0.000126813655363818,0.060782744956932,2
1.06,1.66504410640259,0.104065256650162,1.5707963367949,1.57069632679516,0.0662418635974624,1.00000000033811,0.0865272956073928,2.95660296162485e-10,0.000177518533734196,0.0867048144367873,2
1.07,1.68075206967054,0.105047004354409,1.5707963367949,1.57069632679516,0.066865595343633,1.00000000033811,0.116681430591073,3.23659831442383e-10,0.000234956304418641,0.116916387219152,2
1.08,1.69646003293849,0.106028752058656,1.5707963367949,1.57069632679516,0.0674893508073273,1.00000000033811,0.151000289210974,3.58186966185587e-10,0.000298465994724386,0.151298755563885,2
1.09,1.71216799620644,0.107010499762902,1.5707963367949,1.57069632679516,0.0681131287743361,1.00000000033811,0.189370049264371,3.8991517506974e-10,0.00036749382273618,0.189737543477022,2
1.1,1.72787595947439,0.107992247467149,1.57079667418966,1.57020692482324,0.0687369179211242,1.0000000117459,0.231680339892179,1.54055020510437e-09,0.000442175193896069,0.232122516626625,2
1.11,1.74358392274234,0.108973995171396,2.54159185333481,0.83331607337532,0.0656205696415077,1.0570894266948,0.186352892437081,0.0601476077251046,0.000212985867175956,0.246713486029361,2
1.12,1.75929188601028,0.109955742875643,2.68774171945776,0.812068813822367,0.0652770146474295,1.07223607478973,0.200907919561433,0.0766885394834837,0.00020163842633374,0.277798097471251,2
1.13,1.77499984927823,0.11093749057989,2.81202510028157,0.799226383004614,0.0649456396499078,1.08733982863783,0.214820662054532,0.093195193766894,0.000190130410202512,0.308205986231628,2
1.14,1.79070781254618,0.111919238284136,2.91949517029792,0.791615282920551,0.0646270641959565,1.10238079255503,0.228153808775508,0.109575681086317,0.000178668958588319,0.337908158820413,2
1.15,1.80641577581413,0.112900985988383,3.01367936393559,0.787448985578819,0.0643215269012081,1.1173447893313,0.240956174195101,0.125762501746965,0.00016739377723047,0.366886069719297,2
1.16,1.82212373908208,0.11388273369263,3.09713653054595,0.785645288163705,0.0640289966230253,1.13222200518287,0.253267631919099,0.141704887854966,0.000156412373885,0.39512893214795,2
1.17,1.83783170235003,0.114864481396877,3.17177627821165,0.785512062092044,0.0637492925953252,1.14700528336692,0.265119975703224,0.157366026468681,0.000145772081939841,0.422631774253845,2
1.18,1.85353966561798,0.115846229101124,3.23906235636452,0.786587590267086,0.0634820924142268,1.16169018821354,0.276538950892101,0.172719498038162,0.000135563529118305,0.449394012459382,2
1.19,1.86924762888593,0.11682797680537,3.30013489250623,0.788553349061786,0.0632270420691575,1.17627325156031,0.287548478705516,0.187744136285013,0.000125775205388403,0.475418390195918,2
1.2,1.88495559215388,0.117809724509617,3.3559025378275,0.791183617800413,0.0629837019452292,1.19075299552114,0.298166637908194,0.20242710333965,0.00011643774040658,0.50071017898825,2
1.21,1.90066355542182,0.118791472213864,3.40709571713183,0.794314686992653,0.0627516399249924,1.20512830234921,0.308410575045636,0.216758422084152,0.000107573604829133,0.525276570734617,2
1.22,1.91637151868977,0.119773219918111,3.45431285580689,0.797825722216696,0.0625303850534323,1.21939934443481,0.31829438437313,0.230732686478395,9.91401999043352e-05,0.549126211051429,2
1.23,1.93207948195772,0.120754967622358,3.49804633831126,0.801625906014,0.0623194949235185,1.23356623319354,0.327832374085986,0.244345277716049,9.11861933869146e-05,0.572268837995422,2
1.24,1.94778744522567,0.121736715326604,3.53870856261736,0.80564626269776,0.0621185080114679,1.24763002777691,0.3370356567947,0.25759566812747,8.36752848879429e-05,0.594715000207058,2
1.25,1.96349540849362,0.122718463030851,3.57664617434243,0.809833679280684,0.0619269834581785,1.26159190648242,0.345915443193443,0.270483811186434,7.65812489149671e-05,0.616475835628793,2
1.26,1.97920337176157,0.123700210735098,3.61215288926958,0.814146815943943,0.0617445026427422,1.27545307311329,0.354482405514058,0.283010557261462,6.99339902308546e-05,0.637562896765751,2
1.27,1.99491133502952,0.124681958439345,3.64548152134035,0.81855348150673,0.0615706310701868,1.28921559226689,0.362745274300392,0.295179034764983,6.3702974714159e-05,0.657988012040089,2
1.28,2.01061929829747,0.125663706143592,3.67684838473243,0.823028135692996,0.0614049789418218,1.30288109377323,0.370713305760476,0.306992016878745,5.78527999444403e-05,0.677763175439165,2
1.29,2.02632726156542,0.126645453847839,3.70644137581694,0.82755058008279,0.0612471610197161,1.31645153312135,0.378394741787033,0.31845332260054,5.23940599948372e-05,0.696900458447568,2
1.3,2.04203522483337,0.127627201552085,3.7344242038406,0.832104729186209,0.0610968102798482,1.3299289448212,0.38579753249187,0.32956711090349,4.72963618045821e-05,0.715411939757164,2
1.31,2.05774318810131,0.128608949256332,3.7609405620151,0.836677786464817,0.0609535681257677,1.34331557779165,0.392929326239231,0.34033776375112,4.25592157665052e-05,0.733309649206118,2
1.32,2.07345115136926,0.129590696960579,3.78611553275893,0.841259264920094,0.0608171269329815,1.35661297899921,0.399798106830978,0.350769265296964,3.81511039914283e-05,0.750605523231933,2
1.33,2.08915911463721,0.130572444664826,3.81006199997417,0.845841157608608,0.0606871366667065,1.36982398123229,0.406409764689973,0.360867537534205,3.40674480272575e-05,0.767311369672205,2
1.34,2.10486707790516,0.131554192369073,3.8328783667145,0.850416746212561,0.0605633095854014,1.38295039781016,0.412771430581771,0.370637118783465,3.02908308861263e-05,0.783438840196122,2
1.35,2.12057504117311,0.132535940073319,3.85465302224144,0.854980776625338,0.0604453546903332,1.39599444166167,0.4188894571298,0.380083149277714,2.68025895975902e-05,0.798999408997111,2
1.36,2.13628300444106,0.133517687777566,3.87546470990016,0.859528999893752,0.0603330034138262,1.40895811405882,0.424769960960968,0.389210802493163,2.35931744245943e-05,0.814004356628555,2
1.37,2.15199096770901,0.134499435481813,3.89538444669873,0.864058119400173,0.0602259913698502,1.42184361616928,0.430419049906747,0.398025058876411,2.06492749266779e-05,0.828464758058085,2
1.38,2.16769893097696,0.13548118318606,3.91447586363651,0.868565480603099,0.0601240759824602,1.43465291387966,0.435842771096578,0.406530744182775,1.79589208268794e-05,0.84239147420018,2
1.39,2.18340689424491,0.136462930890307,3.93279659620205,0.873049056162884,0.0600270223325804,1.44738805734999,0.441046618845875,0.414733022311739,1.55051295093365e-05,0.855795146287123,2
1.4,2.19911485751286,0.137444678594553,3.95039878367057,0.877507285978101,0.059934608534133,1.46005101868978,0.446035783260351,0.422637130003046,1.32793153222412e-05,0.868686192578719,2
1.41,2.2148228207808,0.1384264262988,3.96732976930816,0.881939005853657,0.0598466240523469,1.47264372750786,0.450815568471261,0.4302479678571,1.12706158385614e-05,0.8810748069442,2
1.42,2.23053078404875,0.139408174003047,3.98363241138807,0.886343312557556,0.0597628766696877,1.48516788209762,0.455391660536458,0.437569831575919,9.46687477451994e-06,0.892970958987152,2
1.43,2.2462387473167,0.140389921707294,3.99934622512642,0.890719685496125,0.0596831711170069,1.49762545541589,0.459768267070004,0.444608270794679,7.85751793592245e-06,0.90438439538262,2
1.44,2.26194671058465,0.141371669411541,4.01450700750532,0.895067728686266,0.0596073327964625,1.51001809354686,0.463950731038295,0.451367477446089,6.43370527301557e-06,0.915324642189657,2
1.45,2.2776546738526,0.142353417115788,4.02914784116056,0.899387310325313,0.0595351874957988,1.52234762251074,0.467943111204643,0.457852713834061,5.18287473311544e-06,0.925801007913437,2
1.46,2.29336263712055,0.143335164820034,4.0432987603844,0.903678343706437,0.0594665808572912,1.5346155146452,0.471750408433257,0.464068079613732,4.09912145747311e-06,0.935822587168446,2
1.47,2.3090706003885,0.144316912524281,4.05698772108673,0.907940965424169,0.0594013561333978,1.54682347327541,0.475376621021666,0.470018471499691,3.17223503692302e-06,0.945398264756394,2
1.48,2.32477856365645,0.145298660228528,4.07024034514732,0.912175366249545,0.0593393694523537,1.55897301349021,0.478826645093389,0.475707680722198,2.3942662600913e-06,0.954536720081848,2
1.49,2.3404865269244,0.146280407932775,4.08308022412902,0.916381796464913,0.0592804868878682,1.57106553000166,0.482103988984879,0.481140685452325,1.75734654618888e-06,0.963246431783751,2
1.5,2.35619449019234,0.147262155637022,4.09552942493331,0.920560655717455,0.0592245727069404,1.5831026007838,0.485212574447274,0.486321854427125,1.25363486800175e-06,0.971535682509266,2
1.51,2.37190245346029,0.148243903341268,4.10760803740488,0.92471227501295,0.0591715108939344,1.59508539776496,0.488156785034355,0.491254902542998,8.76195165972024e-07,0.97941256377252,2
1.52,2.38761041672824,0.149225651045515,4.11933489175125,0.928837093769419,0.0591211850132239,1.60701522812012,0.490940220991749,0.49594414289879,6.16954839166285e-07,0.986884980845377,2
1.53,2.40331837999619,0.150207398749762,4.13072780286247,0.932935699845408,0.0590734717483973,1.61889367967542,0.493565422312278,0.500394762850295,4.72430379957417e-07,0.993960657592953,2
1.54,2.41902634326414,0.151189146454009,4.14180304805437,0.937008596662583,0.0590282662520022,1.63072197055375,0.496037118295288,0.504609589447328,4.33641133356897e-07,1.00064714138375,2
1.55,2.43473430653209,0.152170894158256,4.1525755012502,0.941056194854532,0.0589854803546878,1.64250094127036,0.498358560220641,0.508592752331304,4.95227581458759e-07,1.00695180777953,2
1.56,2.45044226980004,0.153152641862502,4.16305949594871,0.945079093163915,0.0589450127716154,1.65423188812267,0.500532931737308,0.512348281771929,6.5174072733346e-07,1.01288186524996,2
1.57,2.46615023306799,0.154134389566749,4.17326834595866,0.949077869672796,0.0589067701823991,1.66591597201253,0.502563318338413,0.515880143823264,8.97587175268914e-07,1.01844435974885,2
1.58,2.48185819633594,0.155116137270996,4.18321443681665,0.953053080541984,0.0588706670590211,1.67755422602765,0.504452966440498,0.519191984979248,1.22776936033878e-06,1.02364617918911,2
1.59,2.49756615960389,0.156097884975243,4.19290935375351,0.957005278221995,0.0588366225796685,1.68914761849489,0.506205025484051,0.52228739585635,1.63645833785221e-06,1.02849405779874,2
1.6,2.51327412287183,0.15707963267949,4.20236418689581,0.960935110179327,0.0588045510687909,1.70069735209677,0.507821652151743,0.52517080664282,2.1215658995439e-06,1.03299458036046,2
1.61,2.52898208613978,0.158061380383736,4.21158892117616,0.964843040818063,0.0587743883298068,1.7122040544721,0.509306824510906,0.527844685796381,2.67602674466697e-06,1.03715418633403,2
1.62,2.54469004940773,0.159043128087983,4.22059337510264,0.968729718854512,0.0587460552995118,1.7236688644299,0.51066260298956,0.53031327575011,3.29511033031901e-06,1.04097917385,2
1.63,2.56039801267568,0.16002487579223,4.22938653526711,0.972595677953032,0.0587194879407059,1.73509255702372,0.51189183655309,0.532579888944917,3.97808575604e-06,1.04447570358376,2
1.64,2.57610597594363,0.161006623496477,4.23797710835539,0.976441555256241,0.0586946140166495,1.74647619276582,0.512996813111929,0.534648269783031,4.71962157859589e-06,1.04764980251654,2
1.65,2.59181393921158,0.161988371200724,4.24637297813813,0.980267832983105,0.0586713793318748,1.7578203575412,0.513980572714028,0.536521281057891,5.51380043920173e-06,1.05050736757236,2
1.66,2.60752190247953,0.162970118904971,4.25458192929938,0.984075146385865,0.0586497171244661,1.7691260776294,0.514845167635658,0.538202641471884,6.36003210546386e-06,1.05305416913965,2
1.67,2.62322986574748,0.163951866609217,4.26261092972069,0.987863940565775,0.058629581356947,1.78039380485697,0.515593104022549,0.539695494102324,7.25636247877687e-06,1.05529585448735,2
1.68,2.63893782901543,0.164933614313464,4.27046706751397,0.991634893351824,0.0586109042411802,1.79162467534467,0.516226812272444,0.54100294701233,8.1917791774056e-06,1.05723795106395,2
1.69,2.65464579228338,0.165915362017711,4.27815656323539,0.995388436292246,0.0585936450968874,1.80281908702192,0.516748213341491,0.54212848564905,9.17071297263707e-06,1.05888586970351,2
1.7,2.67035375555132,0.166897109721958,4.28568566660891,0.999125170297535,0.0585777473680045,1.81397793852106,0.517159641441278,0.543075080307851,1.01859689409995e-05,1.06024490771807,2
1.71,2.68606171881927,0.167878857426205,4.29305997089096,1.00284552030687,0.0585631737242405,1.8251016008318,0.517463197831483,0.54384581233888,1.12417257097289e-05,1.06132025189607,2
1.72,2.70176968208722,0.168860605130451,4.30028526096979,1.00655014884125,0.058549864246596,1.83619115410075,0.517660929903866,0.544443726453263,1.23250541210321e-05,1.06211698141125,2
1.73,2.71747764535517,0.169842352834698,4.30736644970253,1.01023940744724,0.0585377914187704,1.84724674793569,0.517754841168285,0.544871783718545,1.34457515680685e-05,1.0626400706384,2
1.74,2.73318560862312,0.170824100538945,4.31430887227347,1.01391399314392,0.0585268943140844,1.85826956750019,0.517746814905236,0.545132992118651,1.45848413887319e-05,1.06289439186528,2
1.75,2.74889357189107,0.171805848243192,4.32111687628346,1.01757420408318,0.0585171527533633,1.86925960329969,0.517638675461698,0.545230285736449,1.57567624494377e-05,1.0628847179606,2
1.76,2.76460153515902,0.172787595947439,4.32779517124585,1.02122064276449,0.0585085172788871,1.88021776044801,0.51743231376544,0.545166462275214,1.69488687386304e-05,1.06261572490939,2
1.77,2.78030949842697,0.173769343651685,4.3343480451973,1.02485379545829,0.0585009512034955,1.89114459756718,0.517129772823211,0.544944057761941,1.81637250683176e-05,1.06209199431022,2
1.78,2.79601746169492,0.174751091355932,4.34077951763978,1.02847410306655,0.0584944226449017,1.90204053895055,0.516731781303242,0.544566836213063,1.93982654415472e-05,1.06131801578175,2
1.79,2.81172542496286,0.175732839060179,4.34709325634855,1.0320819036362,0.0584889099400166,1.91290570112705,0.516240828474784,0.544036709393507,2.06514155189413e-05,1.06029818928381,2
1.8,2.82743338823081,0.176714586764426,4.35329336922493,1.03567788172537,0.0584843602612454,1.92374124659412,0.515658703119793,0.543356205402519,2.19188903828651e-05,1.0590368274127,2
1.81,2.84314135149876,0.177696334468673,4.35938327122086,1.03926241724054,0.0584807496959062,1.93454742291811,0.51498642154444,0.54252853747288,2.31985531014225e-05,1.05753815757042,2
1.82,2.85884931476671,0.178678082172919,4.36536629159871,1.04283592260296,0.0584780522330073,1.94532457749512,0.514225838443959,0.541555990326556,2.44953456755596e-05,1.05580632411619,2
1.83,2.87455727803466,0.179659829877166,4.37124572330621,1.04639887076493,0.0584762364790282,1.95607324223153,0.51337800354178,0.540441586722384,2.58001688836951e-05,1.05384539043305,2
1.84,2.89026524130261,0.180641577581413,4.37702459689972,1.04995165524749,0.058475279262137,1.96679371121182,0.512444768521993,0.539187457119006,2.7115303446789e-05,1.05165934094445,2
1.85,2.90597320457056,0.18162332528566,4.3827059736255,1.05349476423368,0.0584751494763052,1.97748656564508,0.511427415021092,0.53779622721926,2.84408273092983e-05,1.04925208306766,2
1.86,2.92168116783851,0.182605072989907,4.38829262955406,1.05702858227112,0.058475825508198,1.98815207519403,0.510327341752264,0.536270339460271,2.97679018643209e-05,1.0466274491144,2
1.87,2.93738913110646,0.183586820694154,4.39378738123634,1.06055358943438,0.0584772786801667,1.99879079862395,0.509145543979436,0.534612545665182,3.11084934649793e-05,1.04378919813808,2
1.88,2.95309709437441,0.1845685683984,4.39919273330759,1.06407013378186,0.0584794914553827,2.00940289667819,0.507883767714723,0.53282480181237,3.24482012005412e-05,1.04074101772829,2
1.89,2.96880505764235,0.185550316102647,4.40451119294517,1.06757862753413,0.0584824416486813,2.01998872378162,0.506542746619544,0.53090999551762,3.37836238271732e-05,1.03748652576099,2
1.9,2.9845130209103,0.186532063806894,4.40974529450504,1.07107956517495,0.0584861010634262,2.03054888203087,0.505124200589199,0.528869941579215,3.51299235092411e-05,1.03402927209192,2
1.91,3.00022098417825,0.187513811511141,4.41489725754332,1.0745732926533,0.0584904542157719,2.04108352441581,0.50362871761282,0.526707542629749,3.64799684356682e-05,1.030372740211,2
1.92,3.0159289474462,0.188495559215388,4.41996924327976,1.07806017165474,0.0584954844237475,2.05159285014154,0.502057828076423,0.524424700949072,3.78198255232869e-05,1.02652034885102,2
1.93,3.03163691071415,0.189477306919634,4.42496358436795,1.08154073938083,0.058501161800666,2.06207758526366,0.500412624203011,0.522023656242181,3.91731031730361e-05,1.02247545354836,2
1.94,3.0473448739821,0.190459054623881,4.42988207896563,1.08501521599623,0.058507482249312,2.07253749813682,0.498693869543789,0.519506967190453,4.05114345149966e-05,1.01824134816876,2
1.95,3.06305283725005,0.191440802328128,4.43472688780994,1.08848412704381,0.0585144178218501,2.08297327376997,0.496902899116941,0.516876511801019,4.18554805275594e-05,1.01382126639849,2
1.96,3.078760800518,0.192422550032375,4.4394998690267,1.09194783621642,0.0585219534824951,2.09338510593666,0.495040496004799,0.514134703614161,4.31835551404096e-05,1.0092183831741,2
1.97,3.09446876378595,0.193404297736622,4.44420280170459,1.09540669751036,0.0585300766282093,2.10377315519242,0.493107939495456,0.511283363071989,4.45135337209375e-05,1.00443581610117,2
1.98,3.1101767270539,0.194386045440868,4.44883746825501,1.09886111435759,0.0585387702849609,2.11413772576428,0.491105587674555,0.508325200421409,4.58387258647459e-05,0.999476626821828,2
1.99,3.12588469032184,0.195367793145115,4.45340560397592,1.10231150267349,0.0585480170855142,2.12447915345263,0.489034915836384,0.505261749296271,4.71572218120391e-05,0.994343822354466,2
2,3.14159265358979,0.196349540849362,4.45790874479376,1.10575817244589,0.0585578094168815,2.13479745039607,0.486896481487301,0.502095389512219,4.84853852564589e-05,0.989040356384776,2
2.01,3.15730061685774,0.197331288553609,4.4623485535907,1.10920157359256,0.0585681274477168,2.14509304095346,0.484691250111626,0.498828082120575,4.97983302180415e-05,0.983569130562419,2
2.02,3.17300858012569,0.198313036257856,4.46672656105078,1.11264209865357,0.0585789572027951,2.15536616953591,0.482420096979651,0.495461808233757,5.10904986892401e-05,0.977932995712098,2
2.03,3.18871654339364,0.199294783962102,4.47104421552002,1.11608011716602,0.0585902879590806,2.16561700336688,0.480083609136325,0.491998753587242,5.2390332000245e-05,0.972134753055567,2
2.04,3.20442450666159,0.200276531666349,4.47530290830922,1.11951599308932,0.058602108655516,2.17584568406921,0.477682705384121,0.488440772120263,5.36778887019825e-05,0.966177155393086,2
2.05,3.22013246992954,0.201258279370596,4.47950403066246,1.12295012981724,0.0586144059787666,2.18605246073003,0.47521827100749,0.484789689036927,5.49482050171997e-05,0.960062908249434,2
2.06,3.23584043319749,0.202240027074843,4.48364896030972,1.12638296013908,0.0586271654185586,2.19623765835272,0.472690572126198,0.481047879733897,5.62191397763704e-05,0.953794670999871,2
2.07,3.25154839646544,0.20322177477909,4.48773884667854,1.12981476532056,0.0586403841497828,2.20640114086909,0.470100801134494,0.477216783121405,5.74737120548973e-05,0.947375057967954,2
2.08,3.26725635973339,0.204203522483337,4.49177502877168,1.1332460212882,0.0586540450743993,2.21654333684862,0.467449477377833,0.473298443264008,5.87188541239276e-05,0.940806639495965,2
2.09,3.28296432300133,0.205185270187583,4.49575866804361,1.13667709203024,0.0586681402207669,2.22666432948797,0.464737215811653,0.469294778013001,5.99491691013661e-05,0.934091942993756,2
2.1,3.29867228626928,0.20616701789183,4.49969087353941,1.14010833074925,0.0586826633650307,2.23676415650234,0.461964487146057,0.465207791089507,6.11757217701657e-05,0.927233453957334,2
2.11,3.31438024953723,0.207148765596077,4.50357280314062,1.14354016808567,0.0586976025040351,2.24684306846641,0.459132058543478,0.461039163991639,6.23944427232051e-05,0.92023361697784,2
2.12,3.33008821280518,0.208130513300324,4.50740557268943,1.14697303417503,0.05871294618444,2.25690129718091,0.4562406228692,0.456790619814228,6.35940242572861e-05,0.913094836707685,2
2.13,3.34579617607313,0.209112261004571,4.51119017870844,1.1504072868415,0.0587286895970376,2.26693884502782,0.453290365193285,0.452464330109471,6.478352416135e-05,0.905819478826918,2
2.14,3.36150413934108,0.210094008708817,4.51492766513359,1.15384335999447,0.0587448223361806,2.27695591871245,0.450282196926994,0.448061719881621,6.59541638467368e-05,0.898409870972461,2
2.15,3.37721210260903,0.211075756413064,4.51861899116029,1.15728164375025,0.0587613384327116,2.28695257730565,0.447216476002794,0.4435847118637,6.71157900620945e-05,0.890868303656556,2
2.16,3.39292006587698,0.212057504117311,4.52226511536919,1.16072256039293,0.0587782298273911,2.29692895285933,0.444093769032428,0.439034998698469,6.82634275391992e-05,0.883197031158436,2
2.17,3.40862802914493,0.213039251821558,4.52586694816603,1.16416651976347,0.0587954903077202,2.30688511925533,0.440914373946678,0.434414497035457,6.94014259056029e-05,0.875398272408041,2
2.18,3.42433599241287,0.214020999525805,4.52942539379618,1.1676139584368,0.0588131122296428,2.31682120438466,0.437678924155876,0.429724761929045,7.05257548556986e-05,0.867474211839777,2
2.19,3.44004395568082,0.215002747230051,4.53294132632985,1.17106531684588,0.0588310885460876,2.32673732220503,0.434387927232733,0.424967436078524,7.16369231827809e-05,0.859427000234441,2
2.2,3.45575191894877,0.215984494934298,4.53641557560387,1.17452102453874,0.0588494135728758,2.33663352921394,0.431041501646756,0.420144528622147,7.27252798918991e-05,0.851258755548795,2
2.21,3.47145988221672,0.216966242638545,4.53984897803802,1.17798155011711,0.0588680800882772,2.34650996603941,0.427640358421651,0.41525740266391,7.38026336746781e-05,0.842971563719236,2
2.22,3.48716784548467,0.217947990342792,4.54324222684342,1.18144724898969,0.0588870897278133,2.35636642203218,0.424184551477665,0.410308049696021,7.48782826517736e-05,0.834567479456338,2
2.23,3.50287580875262,0.218929738047039,4.54659623823342,1.18491873648823,0.0589064256148532,2.3662033951717,0.420674829047766,0.405297777366329,7.59206136468291e-05,0.826048527027742,2
2.24,3.51858377202057,0.219911485751285,4.54991163384864,1.18839635812666,0.0589260923242844,2.376020584413,0.417111228683897,0.400228510280048,7.69620514255303e-05,0.81741670101537,2
2.25,3.53429173528852,0.220893233455532,4.55318920213742,1.19188066416349,0.058946079775664,2.38581823466833,0.41349423399354,0.395101750855678,7.79822225221393e-05,0.80867396707174,2
2.26,3.54999969855647,0.221874981159779,4.55642961428307,1.19537211472369,0.0589663860507241,2.39559629987976,0.409824079746958,0.389919182684605,7.90002222424284e-05,0.799822262653806,2
2.27,3.56570766182442,0.222856728864026,4.55963356590197,1.19887122861137,0.0589870052022684,2.4053548607838,0.406101064689791,0.384682444889337,7.99881650883734e-05,0.790863497744217,2
2.28,3.58141562509236,0.223838476568273,4.56280173207235,1.20237853649673,0.0590079324624665,2.41509399018618,0.402325574825907,0.379393019685703,8.09610614562155e-05,0.781799555573066,2
2.29,3.59712358836031,0.22482022427252,4.56593470697111,1.20589451277659,0.0590291678349995,2.4248135626175,0.398497626201621,0.374052740143649,8.19269680813889e-05,0.772632293313351,2
2.3,3.61283155162826,0.225801971976766,4.56903317438671,1.20941976628698,0.0590507029111396,2.43451377977501,0.394617714671219,0.368662959082443,8.28690135965931e-05,0.763363542767258,2
2.31,3.62853951489621,0.226783719681013,4.57209768606106,1.21295479155586,0.0590725389089684,2.44419448048488,0.390685917263424,0.363225387536289,8.38062541585769e-05,0.753995111053872,2
2.32,3.64424747816416,0.22776546738526,4.57512886638337,1.21650020112853,0.0590946694368242,2.45385577793894,0.386702428229285,0.357741644703777,8.4708338127821e-05,0.74452878127119,2
2.33,3.65995544143211,0.228747215089507,4.5781272985434,1.22005659729991,0.0591170915977864,2.4634977028685,0.38266754527536,0.352213154414141,8.56134703898812e-05,0.734966313159891,2
2.34,3.67566340470006,0.229728962793754,4.58109349615867,1.22362453631301,0.0591398055944914,2.47312010583059,0.378581300529624,0.346641645013834,8.64982154280275e-05,0.725309443758886,2
2.35,3.69137136796801,0.230710710498,4.5840280461856,1.22720470000228,0.0591628054180421,2.48272311758048,0.37444401329566,0.341028514460374,8.73602827507948e-05,0.715559888038785,2
2.36,3.70707933123596,0.231692458202247,4.58693143655194,1.23079768941452,0.0591860920466147,2.49230658861057,0.370255678496997,0.335375450949408,8.8210100266836e-05,0.705719339546671,2
2.37,3.72278729450391,0.232674205906494,4.58980419366134,1.23440419214237,0.059209662378786,2.50187053533986,0.366016442773725,0.329683978518697,8.90497359408952e-05,0.695789471028363,2
2.38,3.73849525777185,0.233655953610741,4.59264682185303,1.23802491041772,0.0592335138887213,2.51141494194137,0.361726457082624,0.323955609497568,8.98684710199863e-05,0.685771935051212,2
2.39,3.7542032210398,0.234637701314988,4.59545980586483,1.24166056478381,0.0592576451827408,2.52093976606301,0.357385829299886,0.318191855785677,9.06795373239419e-05,0.675668364622887,2
2.4,3.76991118430775,0.235619449019234,4.59824362269429,1.24531191053906,0.0592820537430732,2.53044497717393,0.352994632342117,0.312394291765629,9.14496852459293e-05,0.665480373792992,2
2.41,3.7856191475757,0.236601196723481,4.60099871437363,1.24897970326152,0.0593067402499391,2.53993046179204,0.34855290094686,0.306564447711186,9.22096126019232e-05,0.655209558270648,2
2.42,3.80132711084365,0.237582944427728,4.60372551781756,1.25266473890694,0.0593317045831249,2.54939612298221,0.344060569217812,0.300703959016756,9.29677694542231e-05,0.644857496004022,2
2.43,3.8170350741116,0.238564692131975,4.60642449858239,1.25636790305565,0.0593569431686272,2.55884199867871,0.339517835605496,0.294814198209657,9.37139875187327e-05,0.634425747802672,2
2.44,3.83274303737955,0.239546439836222,4.60909605341249,1.26009004052089,0.0593824572787697,2.56826792093741,0.334924544939144,0.288896873529084,9.44394438228711e-05,0.62391585791205,2
2.45,3.8484510006475,0.240528187540469,4.61174060875317,1.26383209209628,0.0594082451150602,2.57767385832438,0.330280881225959,0.282953334175037,9.51392054303363e-05,0.613329354606427,2
2.46,3.86415896391545,0.241509935244715,4.6143585489726,1.26759499772498,0.0594343078181547,2.58705966216263,0.325586675495513,0.276985255758849,9.58195274279848e-05,0.60266775078179,2
2.47,3.87986692718339,0.242491682948962,4.61695027752587,1.27137978598748,0.0594606442818673,2.59642528281014,0.320841977989092,0.270994078773722,9.64877757193808e-05,0.591932544538534,2
2.48,3.89557489045134,0.243473430653209,4.6195161735513,1.27518751595988,0.0594872544899469,2.6057706140339,0.316046727825252,0.264981353430434,9.71385132286837e-05,0.581125219768914,2
2.49,3.91128285371929,0.244455178357456,4.62205658381571,1.27901926706006,0.0595141407711772,2.61509546021418,0.311200763188965,0.258948701022686,9.77825297437341e-05,0.570247246741395,2
2.5,3.92699081698724,0.245436926061703,4.62457187968791,1.28287622846744,0.0595413020955036,2.62439974363392,0.306304114836588,0.252897574513407,9.8393340125215e-05,0.559300082690121,2
2.51,3.94269878025519,0.246418673765949,4.62706239837237,1.28675961571516,0.0595687408394973,2.6336832884146,0.301356520077819,0.246829643464818,9.90088529260643e-05,0.548285172395563,2
2.52,3.95840674352314,0.247400421470196,4.62952849213505,1.29067075140904,0.0595964562312346,2.64294600156414,0.296357977194058,0.240746375472527,9.95961147326209e-05,0.537203948781317,2
2.53,3.97411470679109,0.248382169174443,4.63197049669435,1.29461102293336,0.0596244487820018,2.65218775535312,0.291308424593216,0.234649260153274,0.00010014875425028,0.52605783350074,2
2.54,3.98982267005904,0.24936391687869,4.63438871655013,1.29858186374387,0.0596527218712137,2.66140832910771,0.286207576470962,0.228539956875406,0.000100704187641782,0.51484823753401,2
2.55,4.00553063332699,0.250345664582937,4.6367834545284,1.30258480728576,0.0596812774446947,2.67060751897139,0.281055257505843,0.222420063061115,0.000101241223803421,0.503576561790761,2
2.56,4.02123859659494,0.251327412287183,4.63915504090753,1.30662154625971,0.0597101146998754,2.67978525107786,0.275851375093138,0.21629107534735,0.000101747272129625,0.492244197712618,2
2.57,4.03694655986288,0.25230915999143,4.64150372129191,1.31069375147474,0.0597392405626245,2.68894114702778,0.270595468215919,0.210154796314161,0.000102263355396828,0.480852527885477,2
2.58,4.05265452313083,0.253290907695677,4.64382982689528,1.31480337372828,0.0597686524697789,2.69807518319908,0.265287681154451,0.204012505149891,0.000102740347351578,0.469402926651693,2
2.59,4.06836248639878,0.254272655399924,4.64613360774644,1.31895236826828,0.0597983557939257,2.70718704110029,0.259927510489675,0.197866041747696,0.000103208521243864,0.457896760758614,2
2.6,4.08407044966673,0.255254403104171,4.64841536037865,1.32314293270863,0.0598283504296276,2.71627660656353,0.254514861126165,0.191716884897962,0.00010364394490774,0.446335389969034,2
2.61,4.09977841293468,0.256236150808417,4.65067529734755,1.32737728563742,0.0598586441841283,2.7253434512462,0.249049205301616,0.185566882048145,0.000104080372421498,0.434720167722182,2
2.62,4.11548637620263,0.257217898512664,4.65291371659589,1.33165799723077,0.0598892359684443,2.7343875076533,0.24353047797225,0.179417466094103,0.000104497726460998,0.423052441792815,2
2.63,4.13119433947058,0.258199646216911,4.65513085129861,1.3359877319635,0.0599201301043257,2.74340846841053,0.237958332618836,0.173270338272555,0.000104884065742613,0.411333554957134,2
2.64,4.14690230273853,0.259181393921158,4.657326909415,1.34036934071056,0.0599513334674394,2.75240593991467,0.232332208439163,0.167127368513777,0.000105268733658875,0.399564845686599,2
2.65,4.16261026600648,0.260163141625405,4.65950214335958,1.34480602789105,0.059982847568715,2.76137972739595,0.226651942916455,0.160990083073083,0.000105622854439613,0.387747648843977,2
2.66,4.17831822927443,0.261144889329652,4.66165680599266,1.34930130261219,0.0600146740872458,2.77032965800334,0.22091726812442,0.154860073121354,0.000105955161673002,0.375883296407448,2
2.67,4.19402619254237,0.262126637033898,4.66379107600605,1.35385885776655,0.0600468210396824,2.77925526797683,0.21512762780327,0.148739212949819,0.000106277459061151,0.36397311821215,2
2.68,4.20973415581032,0.263108384738145,4.66590513823939,1.35848277549726,0.0600792950621144,2.78815613166071,0.209282430747334,0.142629439934373,0.00010657202460301,0.35201844270631,2
2.69,4.22544211907827,0.264090132442392,4.66799919275355,1.36317760336843,0.0601121017961808,2.79703190116881,0.203381310027516,0.136532423315735,0.000106864393639758,0.340020597736891,2
2.7,4.24115008234622,0.265071880146639,4.67007347104096,1.36794846107544,0.0601452427450165,2.8058823781306,0.19742390245225,0.130449882389081,0.000107126522853204,0.327980911364185,2
2.71,4.25685804561417,0.266053627850886,4.67212814332137,1.37280090640488,0.0601787254047136,2.81470711884492,0.191409697973101,0.124383640021596,0.000107374696044294,0.315900712690741,2
2.72,4.27256600888212,0.267035375555132,4.67416334510059,1.37774107541115,0.0602125596539302,2.82350554102923,0.185337989601793,0.11833574908471,0.000107594052840968,0.303781332739344,2
2.73,4.28827397215007,0.268017123259379,4.67617934499653,1.38277620889121,0.0602467434527868,2.83227765174858,0.179208676005821,0.112307617921626,0.000107811415319273,0.291624105342766,2
2.74,4.30398193541802,0.268998870963626,4.67817621470966,1.3879139803461,0.060281291651941,2.84102261635203,0.173020753825645,0.10630162170177,0.000107992565064441,0.27943036809248,2
2.75,4.31968989868597,0.269980618667873,4.68015412855241,1.39316340081072,0.0603162104447383,2.8497400553652,0.166773673689613,0.100319620031984,0.000108169581734879,0.267201463303332,2
2.76,4.33539786195391,0.27096236637212,4.68211324430956,1.39853474625836,0.0603515064703003,2.85842952896853,0.160466982036339,0.0943634304228707,0.000108326582278313,0.254938739041488,2
2.77,4.35110582522186,0.271944114076366,4.68405369985373,1.40403981862741,0.0603871878144063,2.8670905197079,0.154099913905836,0.0884351977127986,0.00010843856442886,0.242643550183063,2
2.78,4.36681378848981,0.272925861780613,4.68597561783565,1.40969230766395,0.0604232651392546,2.87572245102299,0.147671724932007,0.0825369700704432,0.000108564532434525,0.230317259534885,2
2.79,4.38252175175776,0.27390760948486,4.68787912200932,1.41550830055,0.0604597468405503,2.88432475931249,0.141181741523903,0.076670850845038,0.000108646634788124,0.21796123900373,2
2.8,4.39822971502571,0.274889357189107,4.68976434333671,1.42150692444414,0.0604966419776323,2.8928969221159,0.13462928971049,0.0708388582594967,0.000108722859943558,0.20557687082993,2
2.81,4.41393767829366,0.275871104893354,4.6916313787566,1.42771105781723,0.0605339612893173,2.90143827009725,0.128013523170159,0.0650432757087033,0.000108750003686404,0.193165548882548,2
2.82,4.42964564156161,0.276852852597601,4.69348031374187,1.43414856086474,0.0605717181114397,2.90994808664072,0.121333543282135,0.0592863493080791,0.000108787439727718,0.180728680029942,2
2.83,4.44535360482956,0.277834600301847,4.69531126879288,1.44085411493794,0.0606099207537206,2.91842582237448,0.114588604490535,0.0535702761796359,0.000108804922346685,0.168267685592517,2
2.84,4.46106156809751,0.278816348006094,4.69712431392097,1.44787138641731,0.0606485820462532,2.92687070069428,0.107777838586456,0.0478974010137457,0.00010876326830245,0.155784002868505,2
2.85,4.47676953136546,0.279798095710341,4.69891950689687,1.45525690650796,0.060687717659047,2.93528189072343,0.100900158524875,0.042270194956933,0.000108733290036003,0.143279086771844,2
2.86,4.4924774946334,0.280779843414588,4.70069691675955,1.46308618669161,0.0607273403059052,2.94365861695258,0.0939546636575801,0.0366910673134643,0.00010868058971869,0.130754411560763,2
2.87,4.50818545790135,0.281761591118835,4.70245659929041,1.47146381165432,0.060767464071529,2.95200004439665,0.0869403241222055,0.0311625643377087,0.00010858421747051,0.118211472677385,2
2.88,4.5238934211693,0.282743338823081,4.70419862420145,1.48054211216571,0.0608081023832053,2.96030540698238,0.0798562271618146,0.0256870868843286,0.000108474683771123,0.105651788729914,2
2.89,4.53960138443725,0.283725086527328,4.70592298018019,1.49055780608516,0.0608492758418557,2.9685735530602,0.0727010149200026,0.020267546821016,0.000108341850095591,0.0930769035911142,2
2.9,4.5553093477052,0.284706834231575,4.70762971987811,1.50191819410217,0.0608909986745981,2.97680363572678,0.0654737031517044,0.0149065106842088,0.000108174820132327,0.0804883886560455,2
2.91,4.57101731097315,0.285688581935822,4.7093188405035,1.51544412727087,0.0609332912509391,2.98499454110061,0.0581729803100653,0.00960685551949196,0.00010800944570557,0.0678878452752628,2
2.92,4.5867252742411,0.286670329640069,4.71099033204286,1.53341524683853,0.0609761731004241,2.99314511685109,0.0507975947039978,0.0043715238459768,0.00010778880640802,0.0552769073563826,2
2.93,4.60243323750905,0.287652077344315,4.7123794427663,1.56770803313312,0.0610460497606099,2.9999531477055,0.042549865528652,2.84667441459712e-05,0.00010271003963872,0.0426810423124366,2
2.94,4.618141200777,0.288633825048562,4.71238897038469,1.57069632679405,0.0612529325296621,2.99999995087554,0.0311752766869474,3.40478308045029e-08,7.47773328058221e-05,0.0312500880675841,2
2.95,4.63384916404494,0.289615572752809,4.71238897038469,1.57069632679405,0.0614607690986208,2.99999995087554,0.0215768068418213,3.63410774809046e-08,5.1406673834995e-05,0.0216282498567338,2
2.96,4.64955712731289,0.290597320457056,4.71238897038469,1.57069632679405,0.0616686088500728,2.99999995087554,0.0137629510156056,3.85056419562937e-08,3.25661667192242e-05,0.0137955556879668,2
2.97,4.66526509058084,0.291579068161303,4.71238897038469,1.57069632679405,0.061876452106823,2.99999995087554,0.00771584217405,4.05550798546696e-08,1.81369395442098e-05,0.00773401966867406,2
2.98,4.68097305384879,0.292560815865549,4.71238897038469,1.57069632679405,0.0620842983976113,2.99999995087554,0.00341787482630252,4.24953890681011e-08,7.97829978167058e-06,0.00342589562147325,2
2.99,4.69668101711674,0.293542563569796,4.71238897038469,1.57069632679405,0.0622921482562917,2.99999995087554,0.000851652864253563,4.43159774597888e-08,1.97592745758647e-06,0.00085367310768861,2
3,4.71238898038469,0.294524311274043,4.71238897038469,1.57069632679405,0.0625000010662737,2.99999995087554,2.75053894974717e-08,4.60377499660712e-08,5.78205552028622e-14,7.35431972840981e-08,2
